{"cameraMode":{"drawMode":0,"name":"Shaded","section":"Shading Mode"},"sceneLighting":true,"audioPlay":false,"sceneViewState":{"m_AlwaysRefresh":false,"showFog":true,"showSkybox":true,"showFlares":true,"showImageEffects":true,"showParticleSystems":true,"showVisualEffectGraphs":true,"m_FxEnabled":true},"in2DMode":false,"pivot":{"x":-0.01851406693458557,"y":0.8886640071868897,"z":-15.796102523803711},"rotation":{"x":-0.373329222202301,"y":0.23456576466560365,"z":-0.09815409779548645,"w":-0.8921718001365662},"size":1.2243927717208863,"orthographic":false}